<code_scheme name="GuerreroStyle" version="173">
  <option name="SOFT_MARGINS" value="120" />
  <JavaCodeStyleSettings>
    <option name="JD_ADD_BLANK_AFTER_PARM_COMMENTS" value="true" />
    <option name="JD_P_AT_EMPTY_LINES" value="false" />
    <option name="JD_DO_NOT_WRAP_ONE_LINE_COMMENTS" value="true" />
  </JavaCodeStyleSettings>
  <SqlCodeStyleSettings version="6">
    <option name="KEYWORD_CASE" value="2" />
    <option name="IDENTIFIER_CASE" value="1" />
    <option name="TYPE_CASE" value="2" />
    <option name="BUILT_IN_CASE" value="2" />
    <option name="QUERY_ALIGN_ELEMENTS" value="false" />
    <option name="QUERY_ALIGN_LINE_COMMENTS" value="false" />
    <option name="SET_ALIGN_EQUAL_SIGN" value="false" />
    <option name="SELECT_ALIGN_AS" value="false" />
    <option name="TABLE_TYPES_ALIGN" value="false" />
    <option name="TABLE_DEFAULTS_ALIGN" value="false" />
    <option name="TABLE_NULLABILITIES_ALIGN" value="false" />
    <option name="TABLE_ALTER_INSTRUCTION_ALIGN" value="false" />
    <option name="TABLE_ALTER_ITEM_ALIGN" value="false" />
    <option name="IMP_DECLARE_ALIGN_TYPE" value="false" />
    <option name="IMP_DECLARE_ALIGN_EQ" value="false" />
  </SqlCodeStyleSettings>
  <codeStyleSettings language="JAVA">
    <option name="KEEP_LINE_BREAKS" value="false" />
    <option name="KEEP_FIRST_COLUMN_COMMENT" value="false" />
    <option name="KEEP_BLANK_LINES_IN_CODE" value="1" />
    <option name="KEEP_BLANK_LINES_BETWEEN_PACKAGE_DECLARATION_AND_HEADER" value="1" />
    <option name="KEEP_BLANK_LINES_BEFORE_RBRACE" value="0" />
    <option name="BLANK_LINES_AROUND_METHOD_IN_INTERFACE" value="0" />
    <option name="ELSE_ON_NEW_LINE" value="true" />
    <option name="ALIGN_MULTILINE_CHAINED_METHODS" value="true" />
    <option name="ALIGN_MULTILINE_BINARY_OPERATION" value="true" />
    <option name="ALIGN_MULTILINE_ASSIGNMENT" value="true" />
    <option name="ALIGN_MULTILINE_PARENTHESIZED_EXPRESSION" value="true" />
    <option name="SPACE_BEFORE_IF_PARENTHESES" value="false" />
    <option name="CALL_PARAMETERS_WRAP" value="1" />
    <option name="METHOD_PARAMETERS_WRAP" value="1" />
    <option name="BINARY_OPERATION_WRAP" value="1" />
    <option name="TERNARY_OPERATION_WRAP" value="1" />
    <option name="KEEP_SIMPLE_BLOCKS_IN_ONE_LINE" value="true" />
    <option name="KEEP_SIMPLE_METHODS_IN_ONE_LINE" value="true" />
    <option name="KEEP_SIMPLE_LAMBDAS_IN_ONE_LINE" value="true" />
    <option name="KEEP_SIMPLE_CLASSES_IN_ONE_LINE" value="true" />
    <option name="ARRAY_INITIALIZER_WRAP" value="1" />
    <option name="ENUM_CONSTANTS_WRAP" value="2" />
  </codeStyleSettings>
</code_scheme>